timing_id,timestamp_utc,session_prefix,state_label,scan_kind,wall_clock_s,receiver24_elapsed_s,receiver58_elapsed_s,receiver24_exit_status,receiver58_exit_status,grid24,grid58,out_dir,metadata_csv,rate_hz,gain_db,duration_s,stream_args,retry_on_runtime_issue,capture_host,notes
p01_phantom_controller_only_phone_connected_full20,2026-05-22T16:29:24Z,p01_phantom_controller_only_phone_connected,phantom_controller_only_phone_connected,full20,125.154,48.977,125.153,0,0,configs/frequency_grid_24.csv,configs/frequency_grid_58.csv,raw_iq_followup,raw_iq_followup/linkscan_manifest_followup.csv,20000000,25,2,spp=2000,5,x-l-r329-n02782,phantom_controller_only_phone_connected_aircraft_off
p01_phantom_linked_phone_connected_full20,2026-05-22T16:33:16Z,p01_phantom_linked_phone_connected,phantom_linked_phone_connected,full20,68.971,37.461,68.970,0,0,configs/frequency_grid_24.csv,configs/frequency_grid_58.csv,raw_iq_followup,raw_iq_followup/linkscan_manifest_followup.csv,20000000,25,2,spp=2000,5,x-l-r329-n02782,phantom_linked_phone_connected_video_active
p02_phantom_controller_only_phone_connected_full20,2026-05-22T16:35:20Z,p02_phantom_controller_only_phone_connected,phantom_controller_only_phone_connected,full20,69.425,47.546,69.425,0,0,configs/frequency_grid_24.csv,configs/frequency_grid_58.csv,raw_iq_followup,raw_iq_followup/linkscan_manifest_followup.csv,20000000,25,2,spp=2000,5,x-l-r329-n02782,phantom_controller_only_phone_connected_aircraft_off
p02_phantom_linked_phone_connected_full20,2026-05-22T16:38:25Z,p02_phantom_linked_phone_connected,phantom_linked_phone_connected,full20,75.266,37.524,75.265,0,0,configs/frequency_grid_24.csv,configs/frequency_grid_58.csv,raw_iq_followup,raw_iq_followup/linkscan_manifest_followup.csv,20000000,25,2,spp=2000,5,x-l-r329-n02782,phantom_linked_phone_connected_video_active
p03_phantom_controller_only_phone_connected_full20,2026-05-22T16:40:08Z,p03_phantom_controller_only_phone_connected,phantom_controller_only_phone_connected,full20,75.356,37.119,75.355,0,0,configs/frequency_grid_24.csv,configs/frequency_grid_58.csv,raw_iq_followup,raw_iq_followup/linkscan_manifest_followup.csv,20000000,25,2,spp=2000,5,x-l-r329-n02782,phantom_controller_only_phone_connected_aircraft_off
p03_phantom_linked_phone_connected_full20,2026-05-22T16:42:16Z,p03_phantom_linked_phone_connected,phantom_linked_phone_connected,full20,76.080,42.171,76.080,0,0,configs/frequency_grid_24.csv,configs/frequency_grid_58.csv,raw_iq_followup,raw_iq_followup/linkscan_manifest_followup.csv,20000000,25,2,spp=2000,5,x-l-r329-n02782,phantom_linked_phone_connected_video_active
p04_phantom_controller_only_phone_connected_full20,2026-05-22T16:45:31Z,p04_phantom_controller_only_phone_connected,phantom_controller_only_phone_connected,full20,75.496,48.225,75.496,0,0,configs/frequency_grid_24.csv,configs/frequency_grid_58.csv,raw_iq_followup,raw_iq_followup/linkscan_manifest_followup.csv,20000000,25,2,spp=2000,5,x-l-r329-n02782,phantom_controller_only_phone_connected_aircraft_off
p04_phantom_linked_phone_connected_full20,2026-05-22T16:47:29Z,p04_phantom_linked_phone_connected,phantom_linked_phone_connected,full20,100.862,52.460,100.861,0,0,configs/frequency_grid_24.csv,configs/frequency_grid_58.csv,raw_iq_followup,raw_iq_followup/linkscan_manifest_followup.csv,20000000,25,2,spp=2000,5,x-l-r329-n02782,phantom_linked_phone_connected_video_active
p05_phantom_controller_only_phone_connected_full20,2026-05-22T16:50:10Z,p05_phantom_controller_only_phone_connected,phantom_controller_only_phone_connected,full20,81.892,47.668,81.892,0,0,configs/frequency_grid_24.csv,configs/frequency_grid_58.csv,raw_iq_followup,raw_iq_followup/linkscan_manifest_followup.csv,20000000,25,2,spp=2000,5,x-l-r329-n02782,phantom_controller_only_phone_connected_aircraft_off
p05_phantom_linked_phone_connected_full20,2026-05-22T16:52:24Z,p05_phantom_linked_phone_connected,phantom_linked_phone_connected,full20,69.451,37.447,69.450,0,0,configs/frequency_grid_24.csv,configs/frequency_grid_58.csv,raw_iq_followup,raw_iq_followup/linkscan_manifest_followup.csv,20000000,25,2,spp=2000,5,x-l-r329-n02782,phantom_linked_phone_connected_video_active
p06_phantom_controller_only_phone_connected_full20,2026-05-22T17:30:13Z,p06_phantom_controller_only_phone_connected,phantom_controller_only_phone_connected,full20,90.264,59.822,90.263,0,0,configs/frequency_grid_24.csv,configs/frequency_grid_58.csv,raw_iq_followup,raw_iq_followup/linkscan_manifest_followup.csv,20000000,25,2,spp=2000,5,x-l-r329-n02782,phantom_controller_only_phone_connected_aircraft_off
p06_phantom_linked_phone_connected_full20,2026-05-22T17:32:15Z,p06_phantom_linked_phone_connected,phantom_linked_phone_connected,full20,77.605,38.333,77.605,0,0,configs/frequency_grid_24.csv,configs/frequency_grid_58.csv,raw_iq_followup,raw_iq_followup/linkscan_manifest_followup.csv,20000000,25,2,spp=2000,5,x-l-r329-n02782,phantom_linked_phone_connected_video_active
p07_phantom_controller_only_phone_connected_full20,2026-05-22T17:34:10Z,p07_phantom_controller_only_phone_connected,phantom_controller_only_phone_connected,full20,89.716,43.561,89.715,0,0,configs/frequency_grid_24.csv,configs/frequency_grid_58.csv,raw_iq_followup,raw_iq_followup/linkscan_manifest_followup.csv,20000000,25,2,spp=2000,5,x-l-r329-n02782,phantom_controller_only_phone_connected_aircraft_off
p07_phantom_linked_phone_connected_full20,2026-05-22T17:36:22Z,p07_phantom_linked_phone_connected,phantom_linked_phone_connected,full20,75.754,42.396,75.753,0,0,configs/frequency_grid_24.csv,configs/frequency_grid_58.csv,raw_iq_followup,raw_iq_followup/linkscan_manifest_followup.csv,20000000,25,2,spp=2000,5,x-l-r329-n02782,phantom_linked_phone_connected_video_active
p08_phantom_controller_only_phone_connected_full20,2026-05-22T17:38:13Z,p08_phantom_controller_only_phone_connected,phantom_controller_only_phone_connected,full20,69.088,37.204,69.087,0,0,configs/frequency_grid_24.csv,configs/frequency_grid_58.csv,raw_iq_followup,raw_iq_followup/linkscan_manifest_followup.csv,20000000,25,2,spp=2000,5,x-l-r329-n02782,phantom_controller_only_phone_connected_aircraft_off
p08_phantom_linked_phone_connected_full20,2026-05-22T17:40:26Z,p08_phantom_linked_phone_connected,phantom_linked_phone_connected,full20,75.801,42.366,75.801,0,0,configs/frequency_grid_24.csv,configs/frequency_grid_58.csv,raw_iq_followup,raw_iq_followup/linkscan_manifest_followup.csv,20000000,25,2,spp=2000,5,x-l-r329-n02782,phantom_linked_phone_connected_video_active
p09_phantom_controller_only_phone_connected_full20,2026-05-22T17:42:14Z,p09_phantom_controller_only_phone_connected,phantom_controller_only_phone_connected,full20,75.687,47.507,75.686,0,0,configs/frequency_grid_24.csv,configs/frequency_grid_58.csv,raw_iq_followup,raw_iq_followup/linkscan_manifest_followup.csv,20000000,25,2,spp=2000,5,x-l-r329-n02782,phantom_controller_only_phone_connected_aircraft_off
p09_phantom_linked_phone_connected_full20,2026-05-22T17:44:41Z,p09_phantom_linked_phone_connected,phantom_linked_phone_connected,full20,68.975,37.413,68.974,0,0,configs/frequency_grid_24.csv,configs/frequency_grid_58.csv,raw_iq_followup,raw_iq_followup/linkscan_manifest_followup.csv,20000000,25,2,spp=2000,5,x-l-r329-n02782,phantom_linked_phone_connected_video_active
p10_phantom_controller_only_phone_connected_full20,2026-05-22T17:46:25Z,p10_phantom_controller_only_phone_connected,phantom_controller_only_phone_connected,full20,69.291,37.081,69.290,0,0,configs/frequency_grid_24.csv,configs/frequency_grid_58.csv,raw_iq_followup,raw_iq_followup/linkscan_manifest_followup.csv,20000000,25,2,spp=2000,5,x-l-r329-n02782,phantom_controller_only_phone_connected_aircraft_off
p10_phantom_linked_phone_connected_full20,2026-05-22T17:48:23Z,p10_phantom_linked_phone_connected,phantom_linked_phone_connected,full20,75.560,37.795,75.559,0,0,configs/frequency_grid_24.csv,configs/frequency_grid_58.csv,raw_iq_followup,raw_iq_followup/linkscan_manifest_followup.csv,20000000,25,2,spp=2000,5,x-l-r329-n02782,phantom_linked_phone_connected_video_active
h01_hubsan_controller_only_full20,2026-05-22T18:24:28Z,h01_hubsan_controller_only,hubsan_controller_only,full20,84.132,43.776,84.131,0,0,configs/frequency_grid_24.csv,configs/frequency_grid_58.csv,raw_iq_followup,raw_iq_followup/linkscan_manifest_followup.csv,20000000,25,2,spp=2000,5,x-l-r329-n02782,hubsan_controller_only_aircraft_off
h01_hubsan_controller_only_ranked8s,2026-05-22T18:26:07Z,h01_hubsan_controller_only,hubsan_controller_only,ranked8s,23.882,19.207,23.881,0,0,adaptive_scan_scheduling/hil_validation/grids/ranked8s_24.csv,adaptive_scan_scheduling/hil_validation/grids/ranked8s_58.csv,raw_iq_followup,raw_iq_followup/linkscan_manifest_followup.csv,20000000,25,2,spp=2000,5,x-l-r329-n02782,hubsan_controller_only_aircraft_off
h01_hubsan_linked_full20,2026-05-22T18:27:00Z,h01_hubsan_linked,hubsan_linked,full20,77.407,38.736,77.406,0,0,configs/frequency_grid_24.csv,configs/frequency_grid_58.csv,raw_iq_followup,raw_iq_followup/linkscan_manifest_followup.csv,20000000,25,2,spp=2000,5,x-l-r329-n02782,hubsan_linked_controller_display_video_active
h01_hubsan_linked_ranked8s,2026-05-22T18:28:31Z,h01_hubsan_linked,hubsan_linked,ranked8s,29.955,19.376,29.954,0,0,adaptive_scan_scheduling/hil_validation/grids/ranked8s_24.csv,adaptive_scan_scheduling/hil_validation/grids/ranked8s_58.csv,raw_iq_followup,raw_iq_followup/linkscan_manifest_followup.csv,20000000,25,2,spp=2000,5,x-l-r329-n02782,hubsan_linked_controller_display_video_active
h01_mavic_controller_only_full20,2026-05-22T18:29:56Z,h01_mavic_controller_only,mavic_controller_only,full20,82.274,36.966,82.273,0,0,configs/frequency_grid_24.csv,configs/frequency_grid_58.csv,raw_iq_followup,raw_iq_followup/linkscan_manifest_followup.csv,20000000,25,2,spp=2000,5,x-l-r329-n02782,mavic_controller_only_aircraft_off_phone_cabled_if_needed
h01_mavic_controller_only_ranked8s,2026-05-22T18:31:53Z,h01_mavic_controller_only,mavic_controller_only,ranked8s,29.162,18.882,29.161,0,0,adaptive_scan_scheduling/hil_validation/grids/ranked8s_24.csv,adaptive_scan_scheduling/hil_validation/grids/ranked8s_58.csv,raw_iq_followup,raw_iq_followup/linkscan_manifest_followup.csv,20000000,25,2,spp=2000,5,x-l-r329-n02782,mavic_controller_only_aircraft_off_phone_cabled_if_needed
h01_mavic_linked_full20,2026-05-22T18:33:07Z,h01_mavic_linked,mavic_linked,full20,75.483,42.566,75.483,0,0,configs/frequency_grid_24.csv,configs/frequency_grid_58.csv,raw_iq_followup,raw_iq_followup/linkscan_manifest_followup.csv,20000000,25,2,spp=2000,5,x-l-r329-n02782,mavic_linked_phone_cabled_video_active
h01_mavic_linked_ranked8s,2026-05-22T18:34:37Z,h01_mavic_linked,mavic_linked,ranked8s,23.226,18.954,23.225,0,0,adaptive_scan_scheduling/hil_validation/grids/ranked8s_24.csv,adaptive_scan_scheduling/hil_validation/grids/ranked8s_58.csv,raw_iq_followup,raw_iq_followup/linkscan_manifest_followup.csv,20000000,25,2,spp=2000,5,x-l-r329-n02782,mavic_linked_phone_cabled_video_active
h02_hubsan_controller_only_full20,2026-05-22T18:35:53Z,h02_hubsan_controller_only,hubsan_controller_only,full20,75.792,47.743,75.791,0,0,configs/frequency_grid_24.csv,configs/frequency_grid_58.csv,raw_iq_followup,raw_iq_followup/linkscan_manifest_followup.csv,20000000,25,2,spp=2000,5,x-l-r329-n02782,hubsan_controller_only_aircraft_off
h02_hubsan_controller_only_ranked8s,2026-05-22T18:37:28Z,h02_hubsan_controller_only,hubsan_controller_only,ranked8s,35.867,28.936,35.866,0,0,adaptive_scan_scheduling/hil_validation/grids/ranked8s_24.csv,adaptive_scan_scheduling/hil_validation/grids/ranked8s_58.csv,raw_iq_followup,raw_iq_followup/linkscan_manifest_followup.csv,20000000,25,2,spp=2000,5,x-l-r329-n02782,hubsan_controller_only_aircraft_off
h02_hubsan_linked_full20,2026-05-22T18:38:29Z,h02_hubsan_linked,hubsan_linked,full20,81.721,36.370,81.721,0,0,configs/frequency_grid_24.csv,configs/frequency_grid_58.csv,raw_iq_followup,raw_iq_followup/linkscan_manifest_followup.csv,20000000,25,2,spp=2000,5,x-l-r329-n02782,hubsan_linked_controller_display_video_active
h02_hubsan_linked_ranked8s,2026-05-22T18:40:05Z,h02_hubsan_linked,hubsan_linked,ranked8s,23.771,23.770,23.188,0,0,adaptive_scan_scheduling/hil_validation/grids/ranked8s_24.csv,adaptive_scan_scheduling/hil_validation/grids/ranked8s_58.csv,raw_iq_followup,raw_iq_followup/linkscan_manifest_followup.csv,20000000,25,2,spp=2000,5,x-l-r329-n02782,hubsan_linked_controller_display_video_active
h02_mavic_controller_only_full20,2026-05-22T18:41:12Z,h02_mavic_controller_only,mavic_controller_only,full20,82.220,36.855,82.220,0,0,configs/frequency_grid_24.csv,configs/frequency_grid_58.csv,raw_iq_followup,raw_iq_followup/linkscan_manifest_followup.csv,20000000,25,2,spp=2000,5,x-l-r329-n02782,mavic_controller_only_aircraft_off_phone_cabled_if_needed
h02_mavic_controller_only_ranked8s,2026-05-22T18:42:51Z,h02_mavic_controller_only,mavic_controller_only,ranked8s,36.002,18.397,36.001,0,0,adaptive_scan_scheduling/hil_validation/grids/ranked8s_24.csv,adaptive_scan_scheduling/hil_validation/grids/ranked8s_58.csv,raw_iq_followup,raw_iq_followup/linkscan_manifest_followup.csv,20000000,25,2,spp=2000,5,x-l-r329-n02782,mavic_controller_only_aircraft_off_phone_cabled_if_needed
h02_mavic_linked_full20,2026-05-22T18:43:58Z,h02_mavic_linked,mavic_linked,full20,81.804,37.025,81.803,0,0,configs/frequency_grid_24.csv,configs/frequency_grid_58.csv,raw_iq_followup,raw_iq_followup/linkscan_manifest_followup.csv,20000000,25,2,spp=2000,5,x-l-r329-n02782,mavic_linked_phone_cabled_video_active
h02_mavic_linked_ranked8s,2026-05-22T18:45:42Z,h02_mavic_linked,mavic_linked,ranked8s,29.359,18.964,29.358,0,0,adaptive_scan_scheduling/hil_validation/grids/ranked8s_24.csv,adaptive_scan_scheduling/hil_validation/grids/ranked8s_58.csv,raw_iq_followup,raw_iq_followup/linkscan_manifest_followup.csv,20000000,25,2,spp=2000,5,x-l-r329-n02782,mavic_linked_phone_cabled_video_active
h03_hubsan_controller_only_full20,2026-05-22T19:28:40Z,h03_hubsan_controller_only,hubsan_controller_only,full20,71.049,43.828,71.048,0,0,configs/frequency_grid_24.csv,configs/frequency_grid_58.csv,raw_iq_followup,raw_iq_followup/linkscan_manifest_followup.csv,20000000,25,2,spp=2000,5,x-l-r329-n02782,hubsan_controller_only_aircraft_off
h03_hubsan_controller_only_ranked8s,2026-05-22T19:30:06Z,h03_hubsan_controller_only,hubsan_controller_only,ranked8s,24.821,24.820,23.632,0,0,adaptive_scan_scheduling/hil_validation/grids/ranked8s_24.csv,adaptive_scan_scheduling/hil_validation/grids/ranked8s_58.csv,raw_iq_followup,raw_iq_followup/linkscan_manifest_followup.csv,20000000,25,2,spp=2000,5,x-l-r329-n02782,hubsan_controller_only_aircraft_off
h03_hubsan_linked_full20,2026-05-22T19:30:51Z,h03_hubsan_linked,hubsan_linked,full20,97.114,43.919,97.113,0,0,configs/frequency_grid_24.csv,configs/frequency_grid_58.csv,raw_iq_followup,raw_iq_followup/linkscan_manifest_followup.csv,20000000,25,2,spp=2000,5,x-l-r329-n02782,hubsan_linked_controller_display_video_active
h03_hubsan_linked_ranked8s,2026-05-22T19:32:44Z,h03_hubsan_linked,hubsan_linked,ranked8s,23.753,19.107,23.753,0,0,adaptive_scan_scheduling/hil_validation/grids/ranked8s_24.csv,adaptive_scan_scheduling/hil_validation/grids/ranked8s_58.csv,raw_iq_followup,raw_iq_followup/linkscan_manifest_followup.csv,20000000,25,2,spp=2000,5,x-l-r329-n02782,hubsan_linked_controller_display_video_active
h03_mavic_controller_only_full20,2026-05-22T19:33:48Z,h03_mavic_controller_only,mavic_controller_only,full20,71.315,44.138,71.314,0,0,configs/frequency_grid_24.csv,configs/frequency_grid_58.csv,raw_iq_followup,raw_iq_followup/linkscan_manifest_followup.csv,20000000,25,2,spp=2000,5,x-l-r329-n02782,mavic_controller_only_aircraft_off_phone_cabled_if_needed
h03_mavic_controller_only_ranked8s,2026-05-22T19:35:14Z,h03_mavic_controller_only,mavic_controller_only,ranked8s,24.031,19.433,24.030,0,0,adaptive_scan_scheduling/hil_validation/grids/ranked8s_24.csv,adaptive_scan_scheduling/hil_validation/grids/ranked8s_58.csv,raw_iq_followup,raw_iq_followup/linkscan_manifest_followup.csv,20000000,25,2,spp=2000,5,x-l-r329-n02782,mavic_controller_only_aircraft_off_phone_cabled_if_needed
h03_mavic_linked_full20,2026-05-22T19:39:35Z,h03_mavic_linked,mavic_linked,full20,77.928,38.716,77.927,0,0,configs/frequency_grid_24.csv,configs/frequency_grid_58.csv,raw_iq_followup,raw_iq_followup/linkscan_manifest_followup.csv,20000000,25,2,spp=2000,5,x-l-r329-n02782,mavic_linked_phone_cabled_video_active
h03_mavic_linked_ranked8s,2026-05-22T19:41:09Z,h03_mavic_linked,mavic_linked,ranked8s,30.041,19.253,30.040,0,0,adaptive_scan_scheduling/hil_validation/grids/ranked8s_24.csv,adaptive_scan_scheduling/hil_validation/grids/ranked8s_58.csv,raw_iq_followup,raw_iq_followup/linkscan_manifest_followup.csv,20000000,25,2,spp=2000,5,x-l-r329-n02782,mavic_linked_phone_cabled_video_active
h04_hubsan_controller_only_full20,2026-05-22T19:42:46Z,h04_hubsan_controller_only,hubsan_controller_only,full20,97.046,43.935,97.045,0,0,configs/frequency_grid_24.csv,configs/frequency_grid_58.csv,raw_iq_followup,raw_iq_followup/linkscan_manifest_followup.csv,20000000,25,2,spp=2000,5,x-l-r329-n02782,hubsan_controller_only_aircraft_off
h04_hubsan_controller_only_ranked8s,2026-05-22T19:45:18Z,h04_hubsan_controller_only,hubsan_controller_only,ranked8s,36.929,19.131,36.928,0,0,adaptive_scan_scheduling/hil_validation/grids/ranked8s_24.csv,adaptive_scan_scheduling/hil_validation/grids/ranked8s_58.csv,raw_iq_followup,raw_iq_followup/linkscan_manifest_followup.csv,20000000,25,2,spp=2000,5,x-l-r329-n02782,hubsan_controller_only_aircraft_off
h04_hubsan_linked_full20,2026-05-22T19:46:20Z,h04_hubsan_linked,hubsan_linked,full20,97.303,59.858,97.303,0,0,configs/frequency_grid_24.csv,configs/frequency_grid_58.csv,raw_iq_followup,raw_iq_followup/linkscan_manifest_followup.csv,20000000,25,2,spp=2000,5,x-l-r329-n02782,hubsan_linked_controller_display_video_active
h04_hubsan_linked_ranked8s,2026-05-22T19:48:17Z,h04_hubsan_linked,hubsan_linked,ranked8s,36.610,19.352,36.609,0,0,adaptive_scan_scheduling/hil_validation/grids/ranked8s_24.csv,adaptive_scan_scheduling/hil_validation/grids/ranked8s_58.csv,raw_iq_followup,raw_iq_followup/linkscan_manifest_followup.csv,20000000,25,2,spp=2000,5,x-l-r329-n02782,hubsan_linked_controller_display_video_active
h04_mavic_controller_only_full20,2026-05-22T19:55:40Z,h04_mavic_controller_only,mavic_controller_only,full20,90.508,38.297,90.507,0,0,configs/frequency_grid_24.csv,configs/frequency_grid_58.csv,raw_iq_followup,raw_iq_followup/linkscan_manifest_followup.csv,20000000,25,2,spp=2000,5,x-l-r329-n02782,mavic_controller_only_aircraft_off_phone_cabled_if_needed
h04_mavic_controller_only_ranked8s,2026-05-22T19:57:28Z,h04_mavic_controller_only,mavic_controller_only,ranked8s,30.284,19.223,30.283,0,0,adaptive_scan_scheduling/hil_validation/grids/ranked8s_24.csv,adaptive_scan_scheduling/hil_validation/grids/ranked8s_58.csv,raw_iq_followup,raw_iq_followup/linkscan_manifest_followup.csv,20000000,25,2,spp=2000,5,x-l-r329-n02782,mavic_controller_only_aircraft_off_phone_cabled_if_needed
h04_mavic_linked_full20,2026-05-22T19:58:43Z,h04_mavic_linked,mavic_linked,full20,77.854,38.516,77.853,0,0,configs/frequency_grid_24.csv,configs/frequency_grid_58.csv,raw_iq_followup,raw_iq_followup/linkscan_manifest_followup.csv,20000000,25,2,spp=2000,5,x-l-r329-n02782,mavic_linked_phone_cabled_video_active
h04_mavic_linked_ranked8s,2026-05-22T20:00:16Z,h04_mavic_linked,mavic_linked,ranked8s,24.798,24.797,23.482,0,0,adaptive_scan_scheduling/hil_validation/grids/ranked8s_24.csv,adaptive_scan_scheduling/hil_validation/grids/ranked8s_58.csv,raw_iq_followup,raw_iq_followup/linkscan_manifest_followup.csv,20000000,25,2,spp=2000,5,x-l-r329-n02782,mavic_linked_phone_cabled_video_active
h05_hubsan_controller_only_full20,2026-05-22T20:01:32Z,h05_hubsan_controller_only,hubsan_controller_only,full20,77.490,43.476,77.489,0,0,configs/frequency_grid_24.csv,configs/frequency_grid_58.csv,raw_iq_followup,raw_iq_followup/linkscan_manifest_followup.csv,20000000,25,2,spp=2000,5,x-l-r329-n02782,hubsan_controller_only_aircraft_off
h05_hubsan_controller_only_ranked8s,2026-05-22T20:03:14Z,h05_hubsan_controller_only,hubsan_controller_only,ranked8s,24.360,24.359,23.707,0,0,adaptive_scan_scheduling/hil_validation/grids/ranked8s_24.csv,adaptive_scan_scheduling/hil_validation/grids/ranked8s_58.csv,raw_iq_followup,raw_iq_followup/linkscan_manifest_followup.csv,20000000,25,2,spp=2000,5,x-l-r329-n02782,hubsan_controller_only_aircraft_off
h05_hubsan_linked_full20,2026-05-22T20:04:17Z,h05_hubsan_linked,hubsan_linked,full20,84.271,43.863,84.270,0,0,configs/frequency_grid_24.csv,configs/frequency_grid_58.csv,raw_iq_followup,raw_iq_followup/linkscan_manifest_followup.csv,20000000,25,2,spp=2000,5,x-l-r329-n02782,hubsan_linked_controller_display_video_active
h05_hubsan_linked_ranked8s,2026-05-22T20:05:58Z,h05_hubsan_linked,hubsan_linked,ranked8s,30.019,30.018,23.736,0,0,adaptive_scan_scheduling/hil_validation/grids/ranked8s_24.csv,adaptive_scan_scheduling/hil_validation/grids/ranked8s_58.csv,raw_iq_followup,raw_iq_followup/linkscan_manifest_followup.csv,20000000,25,2,spp=2000,5,x-l-r329-n02782,hubsan_linked_controller_display_video_active
h05_mavic_controller_only_full20,2026-05-22T20:07:14Z,h05_mavic_controller_only,mavic_controller_only,full20,77.693,42.976,77.692,0,0,configs/frequency_grid_24.csv,configs/frequency_grid_58.csv,raw_iq_followup,raw_iq_followup/linkscan_manifest_followup.csv,20000000,25,2,spp=2000,5,x-l-r329-n02782,mavic_controller_only_aircraft_off_phone_cabled_if_needed
h05_mavic_controller_only_ranked8s,2026-05-22T20:08:53Z,h05_mavic_controller_only,mavic_controller_only,ranked8s,37.005,35.472,37.005,0,0,adaptive_scan_scheduling/hil_validation/grids/ranked8s_24.csv,adaptive_scan_scheduling/hil_validation/grids/ranked8s_58.csv,raw_iq_followup,raw_iq_followup/linkscan_manifest_followup.csv,20000000,25,2,spp=2000,5,x-l-r329-n02782,mavic_controller_only_aircraft_off_phone_cabled_if_needed
h05_mavic_linked_full20,2026-05-22T20:10:10Z,h05_mavic_linked,mavic_linked,full20,97.230,38.671,97.229,0,0,configs/frequency_grid_24.csv,configs/frequency_grid_58.csv,raw_iq_followup,raw_iq_followup/linkscan_manifest_followup.csv,20000000,25,2,spp=2000,5,x-l-r329-n02782,mavic_linked_phone_cabled_video_active
h05_mavic_linked_ranked8s,2026-05-22T20:12:05Z,h05_mavic_linked,mavic_linked,ranked8s,23.799,19.500,23.798,0,0,adaptive_scan_scheduling/hil_validation/grids/ranked8s_24.csv,adaptive_scan_scheduling/hil_validation/grids/ranked8s_58.csv,raw_iq_followup,raw_iq_followup/linkscan_manifest_followup.csv,20000000,25,2,spp=2000,5,x-l-r329-n02782,mavic_linked_phone_cabled_video_active
